{
  "Total" : {
    "transaction" : "Total",
    "sampleCount" : 2,
    "errorCount" : 1,
    "errorPct" : 50.0,
    "meanResTime" : 1795.0,
    "medianResTime" : 1795.0,
    "minResTime" : 364.0,
    "maxResTime" : 3226.0,
    "pct1ResTime" : 3226.0,
    "pct2ResTime" : 3226.0,
    "pct3ResTime" : 3226.0,
    "throughput" : 0.5125576627370579,
    "receivedKBytesPerSec" : 23.97233189710405,
    "sentKBytesPerSec" : 0.09835701242952331
  },
  "HTTP Request" : {
    "transaction" : "HTTP Request",
    "sampleCount" : 2,
    "errorCount" : 1,
    "errorPct" : 50.0,
    "meanResTime" : 1795.0,
    "medianResTime" : 1795.0,
    "minResTime" : 364.0,
    "maxResTime" : 3226.0,
    "pct1ResTime" : 3226.0,
    "pct2ResTime" : 3226.0,
    "pct3ResTime" : 3226.0,
    "throughput" : 0.5125576627370579,
    "receivedKBytesPerSec" : 23.97233189710405,
    "sentKBytesPerSec" : 0.09835701242952331
  }
}